,Unnamed: 0,file,Rin_vclamp (MOhms),Access resistance (MOhms),Tau_vclamp (ms),Cm_vclamp (pF),Inward current peak - -70.0 mV (pA),Inward current peak - -60.0 mV (pA),Inward current peak - -50.0 mV (pA),Inward current peak - -40.0 mV (pA),Inward current peak - -30.0 mV (pA),Inward current peak - -20.0 mV (pA),Inward current peak - -10.0 mV (pA),Inward current peak - 0.0 mV (pA),Inward current peak - 10.0 mV (pA),Inward current peak - 20.0 mV (pA),Rin (MOhms),RMP (mV),Sag ratio,Delay,Pause,Burst,Spike Frequency - -40.0 pA (Hz),Spike Frequency - -20.0 pA (Hz),Spike Frequency - 0.0 pA (Hz),Spike Frequency - 20.0 pA (Hz),Spike Frequency - 40.0 pA (Hz),Spike Frequency - 60.0 pA (Hz),Spike Frequency - 80.0 pA (Hz),FI Curve Slope,Spike Frequency - 100.0 pA (Hz),Spike Frequency - 120.0 pA (Hz),Spike Frequency - 140.0 pA (Hz),Spike Frequency - 160.0 pA (Hz),Spike Frequency - 180.0 pA (Hz),Spike Frequency - 200.0 pA (Hz),Spike Frequency - 220.0 pA (Hz),Spike Frequency - 240.0 pA (Hz),Spike Frequency - -100.0 pA (Hz),Spike Frequency - -80.0 pA (Hz),Spike Frequency - -60.0 pA (Hz),Spike Frequency - 260.0 pA (Hz),Spike Frequency - 280.0 pA (Hz),Threshold (mV),Peak (mV),Height (mV),Trough (mV),Fast Trough (mV),Slow Trough (mV),FWHM (ms),Upstroke/Downstroke,AHP amplitude (mV),Adaptation index,Rheobase_estimated (pA),Tau (ms),Cm (pF),Delay Ratio,Burst Index,No. of Burst,Rheobase (pA),Spike Frequency - -10.0 pA (Hz),Spike Frequency - 10.0 pA (Hz),Spike Frequency - 30.0 pA (Hz),Spike Frequency - 50.0 pA (Hz),Spike Frequency - 70.0 pA (Hz),Spike Frequency - -5.0 pA (Hz),Spike Frequency - 5.0 pA (Hz),Spike Frequency - 15.0 pA (Hz),Spike Frequency - 25.0 pA (Hz),Spike Frequency - 35.0 pA (Hz),Spike Frequency - 45.0 pA (Hz),Spike Frequency - 55.0 pA (Hz),Spike Frequency - 65.0 pA (Hz),Spike Frequency - 75.0 pA (Hz),Spike Frequency - 85.0 pA (Hz),No. of Pause,Pause Fraction,Spike Frequency - -50.0 pA (Hz),Spike Frequency - -30.0 pA (Hz),Spike Frequency - 90.0 pA (Hz),Spike Frequency - 110.0 pA (Hz),Spike Frequency - 130.0 pA (Hz),Spike Frequency - 150.0 pA (Hz),Spike Frequency - 170.0 pA (Hz),Spike Frequency - 190.0 pA (Hz),Spike Frequency - 210.0 pA (Hz),Spike Frequency - 230.0 pA (Hz)
Q56,2023_04_01_0000,2023_04_01_0000,190.5618223239021,17.89855526059014,0.9836200142818736,54.95527432024937,-7.3242188,3.0517578,-275.26855,-142.82227,12.207031,-2.4414062,-25.634766,1.2207031,-8.544922,-5.493164,506.37381417410734,-32.862854,0.14752308,False,False,False,0.0,0.0,0.0,0.0,0.0,0.0,0.0,0.0,0.0,0.0,0.0,0.0,0.0,0.0,0.0,0.0,0.0,0.0,0.0,0.0,0.0,,,,,,,,,,,,,,,,,,,,,,,,,,,,,,,,,,,,,,,,,,,,
Q57,2023_04_01_0008,2023_04_01_0008,708.8269048390308,18.28036635979086,1.99852108088108,109.32609563432976,-15.869141,-2.4414062,-6.713867,-1751.709,-1448.3643,-1203.6133,-957.03125,-714.1113,-490.1123,-256.34766,661.054338727679,-37.39624,0.33172074,True,False,False,0.0,0.0,3.0,2.0,0.0,0.0,0.0,-0.0015413533834586,0.0,0.0,0.0,0.0,0.0,0.0,0.0,0.0,0.0,0.0,0.0,0.0,0.0,-35.552978515625,29.998779296875,78.06396484375,-48.065185546875,-45.806884765625,0.0,8.799999999999974,7.694637561507532,-10.6689453125,0.1451540866458249,0.0,58.7458921850744,92.49655248382498,1.518591697885168,,,,,,,,,,,,,,,,,,,,,,,,,,,,,,
Q58,2023_04_01_0019,2023_04_01_0019,311.5093468611137,7.274539967347676,1.1946656031628906,164.22558794442506,15.869141,-7.3242188,13.427734,-1687.6221,-1184.082,-887.4512,-1401.9775,-1207.2754,-630.49316,-10.986328,312.54359654017924,-51.594543,0.058541704,False,False,False,0.0,0.0,0.0,3.0,1.0,1.0,1.0,-0.0010902255639097,1.0,0.0,0.0,0.0,0.0,0.0,0.0,0.0,0.0,0.0,0.0,0.0,0.0,-37.04833984375,28.594970703125,70.4345703125,-41.839599609375,-39.4287109375,20.0,6.89999999999999,3.870708118022335,9.75494384765625,0.4526094781043792,20.0,48.7549127783797,99.7431936626258,1.658426779660065,,,,,,,,,,,,,,,,,,,,,,,,,,,,,,
Q59,2023_04_01_0028,2023_04_01_0028,250.28772460446095,7.423671471883432,0.9557133706050346,128.73864020312902,-0.61035156,-1.2207031,0.61035156,-2450.5615,-1939.6973,-1986.084,-2138.6719,-1646.1182,-1057.1289,-369.87305,384.783063616072,-55.082703,0.07938933,False,False,False,0.0,0.0,0.0,2.0,1.0,1.0,1.0,7.518796992481379e-05,1.0,1.0,1.0,1.0,1.0,0.0,0.0,0.0,0.0,0.0,0.0,0.0,0.0,-32.562255859375,19.195556640625,64.300537109375,-45.10498046875,-38.87939453125,20.0,7.000000000000006,4.959608666610992,9.97772216796875,,20.0,41.44886999939358,107.72009976185008,,,,,,,,,,,,,,,,,,,,,,,,,,,,,,,
Q61,2023_04_01_0034,2023_04_01_0034,424.75833923109184,15.188919282152131,1.0526906313380795,69.3064866422098,3.0517578,0.0,3.6621094,-2105.1025,-1773.6816,-1453.2471,-1129.7607,-826.416,-498.04688,-183.71582,534.0576171875007,-52.529144,0.11995528,False,False,False,0.0,0.0,0.0,6.0,9.0,12.0,3.0,-0.0041353383458646,1.0,1.0,1.0,1.0,0.0,0.0,0.0,0.0,0.0,0.0,0.0,0.0,0.0,-37.9638671875,40.46630859375,86.73095703125,-46.2646484375,-43.3349609375,20.0,5.8,6.009237070654011,6.264495849609375,0.0054775172666192,20.0,41.59684592994319,77.88831128185011,1.6208609064214132,,,,,,,,,,,,,,,,,,,,,,,,,,,,,,
Q63,2023_04_01_0041,2023_04_01_0041,69.17770583287594,7.682676111989633,1.0999849047887045,143.17731071235204,1.2207031,-15.258789,-18.920898,-1994.0186,-1537.4756,-1192.627,-837.40234,-422.36328,20.751953,-4.272461,160.91482979910722,-26.623535,0.24310736,False,False,False,0.0,0.0,0.0,0.0,0.0,0.0,0.0,0.0,0.0,0.0,0.0,0.0,0.0,0.0,0.0,0.0,0.0,0.0,0.0,0.0,0.0,,,,,,,,,,,,9.942030534127271,61.78442687065772,,,,,,,,,,,,,,,,,,,,,,,,,,,,,,,
Q64,2023_04_01_0047,2023_04_01_0047,75.01774624064339,18.16583339714956,1.0068225128083297,55.42396491241146,9.765625,2.4414062,1.8310547,-1392.2119,-1148.6816,-915.52734,-700.6836,-476.07422,-237.42676,-14.038086,512.5645228794643,-51.195526,0.09189079,False,False,False,0.0,0.0,0.0,7.0,11.0,1.0,1.0,-0.0037218045112781,1.0,1.0,1.0,0.0,0.0,0.0,0.0,0.0,0.0,0.0,0.0,0.0,0.0,-35.21728515625,34.088134765625,73.6083984375,-39.520263671875,-38.360595703125,20.0,5.400000000000016,6.001338389171964,11.675262451171877,0.0440283185056274,20.0,32.59517699268523,63.592339184096,1.4667460101586016,,,,,,,,,,,,,,,,,,,,,,,,,,,,,,
Q65,2023_04_01_0055,2023_04_01_0055,95.45711709763457,10.912008186800424,1.0644574529266555,97.54918019712112,-6.713867,-4.8828125,-0.61035156,-1221.3135,-1040.0391,-1046.7529,-1052.8564,-845.3369,-433.95996,-41.503906,426.1125837053575,-24.623108,0.18074074,False,False,False,0.0,0.0,0.0,0.0,0.0,0.0,0.0,0.0,0.0,0.0,0.0,0.0,0.0,0.0,0.0,0.0,0.0,0.0,0.0,0.0,0.0,,,,,,,,,,,,,,,,,,,,,,,,,,,,,,,,,,,,,,,,,,,,
Q66,2023_04_01_0059,2023_04_01_0059,208.75567553425427,17.426927441835904,2.1485817617569976,123.29091108734468,4.8828125,4.272461,-5.493164,-2112.4268,-1741.333,-1383.667,-1042.4805,-700.07324,-386.35254,-68.96973,329.4590541294646,-50.079346,0.057899583,True,False,False,0.0,0.0,2.0,5.0,1.0,1.0,1.0,-0.0021804511278195,1.0,1.0,0.0,0.0,0.0,0.0,0.0,0.0,0.0,0.0,0.0,0.0,0.0,-34.698486328125,25.054931640625,74.981689453125,-49.9267578125,-45.95947265625,0.0,10.399999999999991,9.341424643798076,0.152587890625,0.061666200205243,0.0,49.00786023487863,115.18830770812086,0.6738852414424055,,,,,,,,,,,,,,,,,,,,,,,,,,,,,,
Q67,2023_04_01_0066,2023_04_01_0066,325.68131421772114,19.6650363502008,0.8054632174868696,40.95915223053453,7.9345703,-4.8828125,-2.4414062,-1094.3604,-875.24414,-573.73047,-297.85156,-108.03223,-5.493164,-2.4414062,397.6876395089288,-26.524353,0.15701334,False,False,False,0.0,0.0,0.0,0.0,0.0,0.0,0.0,0.0,0.0,0.0,0.0,0.0,0.0,0.0,0.0,0.0,0.0,0.0,0.0,0.0,0.0,-31.341552734375,19.6533203125,91.36962890625,-71.71630859375,-41.717529296875,,7.400000000000073,5.38949712078484,-45.91209030151367,,-100.0,,,,,,,,,,,,,,,,,,,,,,,,,,,,,,,,,
Q68,2023_04_01_0072,2023_04_01_0072,121.65993452483508,8.929369225830616,1.0967747510053223,122.82779704445468,3.6621094,7.3242188,-17.089844,-3.0517578,-3998.413,-3245.8496,-2540.2832,-1825.5615,-1069.9463,-332.6416,340.00941685267867,-35.80551,0.033658117,False,False,False,0.0,0.0,0.0,0.0,0.0,0.0,0.0,0.0,0.0,0.0,0.0,0.0,0.0,0.0,0.0,0.0,0.0,0.0,0.0,0.0,0.0,,,,,,,,,,,,,,,,,,,,,,,,,,,,,,,,,,,,,,,,,,,,
Q69,2023_04_01_0077,2023_04_01_0077,153.4414966356457,13.392106605226417,0.918906597953132,68.61553787172801,4.272461,0.61035156,-12.207031,-3782.959,-3225.708,-2621.46,-2088.0127,-1536.8652,-1038.8184,-540.16113,324.0094866071434,-54.234314,0.1637174,False,False,False,0.0,0.0,0.0,4.0,5.0,7.0,8.0,0.0047368421052631,9.0,10.0,10.0,5.0,1.0,1.0,1.0,1.0,0.0,0.0,0.0,1.0,1.0,-38.63525390625,40.10009765625,88.56201171875,-48.4619140625,-45.684814453125,20.0,5.899999999999989,7.281719135597595,5.77239990234375,0.1031203933168829,20.0,47.04463243851609,143.57250678841206,1.257776438147726,0.143377332726445,1.0,,,,,,,,,,,,,,,,,,,,,,,,,,,,
Q71,2023_04_01_0084,2023_04_01_0084,121.70011777982477,9.08652164356494,0.9092792618362052,100.06901403026484,7.3242188,8.544922,-4.8828125,-4114.99,-3566.8945,-2975.4639,-2302.8564,-1625.9766,-895.9961,-145.26367,358.2763671875002,-31.050873,0.19895977,False,False,False,0.0,0.0,0.0,0.0,0.0,0.0,0.0,0.0,0.0,0.0,0.0,0.0,0.0,0.0,0.0,0.0,0.0,0.0,0.0,0.0,0.0,,,,,,,,,,,,,,,,,,,,,,,,,,,,,,,,,,,,,,,,,,,,
Q72,2023_04_01_0092,2023_04_01_0092,463.1073274214994,17.105164844114107,0.8949241855596054,52.31894540130954,-3.0517578,-3.0517578,-4.8828125,-2357.788,-2058.7158,-1663.208,-1326.9043,-994.87305,-666.5039,-341.79688,573.6868722098218,-52.435303,0.19062032,False,False,True,0.0,0.0,0.0,7.0,9.0,1.0,1.0,0.00375,1.0,1.0,1.0,1.0,1.0,,,,0.0,0.0,0.0,,,-38.543701171875,33.50830078125,74.554443359375,-41.046142578125,-40.283203125,20.0,4.799999999999999,6.36431215909215,11.38916015625,0.0726534588301557,20.0,67.89215613057338,111.32993426227036,1.4845051727257168,0.3085182534001432,1.0,10.0,0.0,1.3333333333333333,8.0,3.333333333333333,0.6666666666666666,0.0,0.0,4.0,7.333333333333333,8.666666666666666,3.333333333333333,1.3333333333333333,0.6666666666666666,0.6666666666666666,0.6666666666666666,,,,,,,,,,,,
Q73,2023_04_01_0102,2023_04_01_0102,188.65209401067227,10.291430597333882,0.856102559791666,83.18596250490671,23.19336,9.765625,3.0517578,-1629.0283,-1201.7822,-857.54395,-700.07324,-427.2461,-43.33496,-1.8310547,321.0885184151789,-52.75879,0.1766818,False,False,False,0.0,0.0,0.0,3.0,1.0,1.0,1.0,0.0032142857142857,1.0,1.0,1.0,1.0,0.0,,,,0.0,0.0,0.0,,,-40.069580078125,22.491455078125,64.422607421875,-41.93115234375,-39.1845703125,20.0,5.700000000000011,4.836526051878049,10.82763671875,0.1756721482641608,20.0,30.859569709616565,96.1092282649423,1.662085066119681,,,15.0,0.0,0.0,0.6666666666666666,0.6666666666666666,0.6666666666666666,0.0,0.0,2.0,2.0,0.6666666666666666,0.6666666666666666,0.6666666666666666,0.6666666666666666,0.6666666666666666,0.6666666666666666,,,,,,,,,,,,
Q74,2023_04_01_0108,2023_04_01_0108,341.96727764766547,9.35709439064525,0.952951861530822,101.84271118217372,3.0517578,-6.713867,-3.0517578,-3656.0059,-3590.088,-3279.419,-2801.5137,-2163.086,-1495.9717,-773.3154,735.4736328125007,-56.49821,0.19254543,False,False,False,0.0,0.0,0.0,6.0,10.0,0.6666666666666666,1.0,0.0709523809523809,1.0,1.0,1.0,1.0,1.0,,,,0.0,0.0,0.0,,,-39.0625,40.46630859375,89.2333984375,-48.76708984375,-44.158935546875,10.0,4.399999999999987,7.777054987106025,7.731121063232422,0.1474207907829276,20.0,74.88707489604903,101.82156307857812,1.3765473992125945,0.2939560439560439,1.0,10.0,0.0,2.0,8.0,3.333333333333333,,0.0,0.0,4.666666666666667,6.666666666666667,8.666666666666666,10.0,0.6666666666666666,,,,,,,,,,,,,,,
Q75,2023_04_01_0114,2023_04_01_0114,153.95481670588688,8.548713367699605,0.8611976139443752,100.74002682068132,-23.80371,-21.972656,4.272461,-2684.9365,-2997.4365,-3393.5547,-2841.1865,-2197.2656,-1479.4922,-764.7705,527.9541015624991,-58.09021,0.18754679,False,False,False,,,0.0,0.0,3.333333333333333,6.0,,0.0914285714285714,,,,,,,,,,,,,,-34.24072265625,42.694091796875,103.6376953125,-60.943603515625,-42.938232421875,,5.299999999999999,4.990035273733443,-2.8533935546875,0.0468300254451629,,50.05991610066254,94.8186896408389,1.7845472933946458,,,30.0,0.0,0.0,0.6666666666666666,4.666666666666667,,0.0,0.0,0.0,0.0,2.0,4.0,5.333333333333333,,,,,,,,,,,,,,,
Q76,2023_04_01_0121,2023_04_01_0121,260.5884185061572,11.80438540748677,1.0304273523670535,87.29191031949186,0.0,-0.61035156,-1.8310547,-4.272461,-1886.5967,-1828.0029,-1582.0312,-1239.0137,-823.9746,-363.76953,381.7749023437504,-56.58366,0.1423444,False,False,False,0.0,0.0,0.0,0.0,2.0,5.0,2.0,0.0066071428571428,2.0,1.0,1.0,1.0,1.0,,,,0.0,0.0,0.0,,,-34.637451171875,30.853271484375,72.75390625,-41.900634765625,-39.85595703125,40.0,4.299999999999998,4.801613745112788,14.683025360107422,0.1376701802394179,40.0,29.62048253453281,77.58624873633654,1.849485798119036,,,35.0,0.0,0.0,0.0,0.6666666666666666,,0.0,0.0,0.0,0.0,0.6666666666666666,0.6666666666666666,2.0,,,,,,,,,,,,,,,
Q77,2023_04_01_0125,2023_04_01_0125,296.26457230248604,8.176288896805168,0.8159294447659409,99.7921496003841,1.2207031,-3.0517578,-10.375977,-3521.7285,-3645.0195,-3682.251,-3095.0928,-2423.706,-1620.4834,-755.61523,558.4716796875002,-60.539753,0.1769475,False,False,False,0.0,0.0,0.0,0.0,3.333333333333333,6.666666666666667,11.0,0.1019047619047618,12.0,2.0,2.0,1.0,1.0,,,,0.0,0.0,0.0,,,-35.70556640625,39.825439453125,101.898193359375,-62.07275390625,-43.853759765625,20.0,5.000000000000004,6.508266914960839,-1.533000946044922,0.1289579158361451,20.0,70.50958773877841,126.2545448647153,1.7048810022682706,0.2144886363636366,1.0,25.0,0.0,0.0,1.3333333333333333,4.666666666666667,,0.0,0.0,0.0,0.6666666666666666,2.6666666666666665,4.0,6.666666666666667,,,,,,,,,,,,,,,
Q78,2023_04_01_0131,2023_04_01_0131,124.39423223725184,11.939479146676655,1.0445730645215787,87.48899777695368,14.6484375,6.713867,-6.1035156,-1831.665,-1782.8369,-1541.748,-1207.8857,-839.2334,-385.13184,3.6621094,262.4511718749998,-52.76591,0.041136276,False,False,False,0.0,0.0,0.0,0.0,2.0,0.6666666666666666,1.0,0.0252380952380952,1.0,1.0,1.0,1.0,1.0,,,,0.0,0.0,0.0,,,-35.064697265625,28.106689453125,71.990966796875,-43.88427734375,-41.229248046875,25.0,7.099999999999995,6.700596803703951,8.881633758544922,0.1886574074074075,60.0,65.6576806571244,250.171032531704,1.7307828421329967,,,25.0,0.0,0.0,1.3333333333333333,0.6666666666666666,,0.0,0.0,0.0,1.3333333333333333,1.3333333333333333,3.333333333333333,0.6666666666666666,,,,,,,,,,,,,,,
Q79,2023_04_01_0136,2023_04_01_0136,131.39178597527206,12.473400323490123,1.0237221836251174,82.07242268150618,-3.0517578,-1.2207031,1.2207031,-1292.7246,-1149.9023,-1111.4502,-874.6338,-505.3711,-186.15723,0.61035156,209.39418247767884,-47.24121,0.02984434,False,False,False,0.0,0.0,0.0,1.0,1.0,1.0,1.0,0.0035714285714285,1.0,1.0,1.0,1.0,0.0,,,,0.0,0.0,0.0,,,-33.355712890625,21.209716796875,69.366455078125,-48.15673828125,-40.313720703125,40.0,7.800000000000002,5.2897579813094575,-0.91552734375,0.5617702176733458,20.0,23.486856460423105,112.16575447566112,1.7937936802977097,,,35.0,0.0,0.0,0.0,1.3333333333333333,,0.0,0.0,0.0,0.0,0.6666666666666666,0.6666666666666666,0.6666666666666666,,,,,,,,,,,,,,,
Q81,2023_04_01_0141,2023_04_01_0141,103.03825104032305,9.163506193009544,2.178704889706237,237.75887131153792,-2.4414062,-15.258789,-9.765625,-5866.089,-5054.9316,-4243.164,-3360.5957,-2468.872,-1627.8076,-759.27734,200.0645228794648,-50.441486,0.10597946,False,False,True,0.0,0.0,0.0,2.0,5.0,7.0,8.0,0.0198214285714285,9.0,10.0,2.0,1.0,1.0,,,,0.0,0.0,0.0,,,-37.9638671875,43.426513671875,88.80615234375,-45.379638671875,-41.32080078125,20.0,4.500000000000004,5.86025560985425,5.061847686767578,0.1142066606854088,20.0,37.174035087519655,185.8102303821069,1.6150124343818375,0.2161339421613396,1.0,30.0,0.0,0.0,1.3333333333333333,4.0,,0.0,0.0,0.0,0.0,2.0,3.333333333333333,4.666666666666667,,,,,,,,,,,,,,,
Q44,2023_03_31_0000,2023_03_31_0000,444.6457031789097,7.604142340737754,0.991257541834094,130.35757320370232,10.986328,2.4414062,0.0,8.544922,-2196.045,-2459.7168,-2438.9648,-1962.8906,-1278.6865,-534.0576,677.1414620535718,-51.298523,0.13698941,True,False,True,0.0,0.0,3.0,8.0,8.0,1.0,1.0,-0.0047368421052631,1.0,0.0,0.0,0.0,0.0,0.0,0.0,0.0,0.0,0.0,0.0,0.0,0.0,-34.7900390625,35.46142578125,86.395263671875,-50.933837890625,-49.652099609375,0.0,8.200000000000014,5.099165023531412,0.36468505859375,0.0157092372991079,0.0,,,1.122790004285786,0.0892857142857145,1.0,,,,,,,,,,,,,,,,,,,,,,,,,,,,
Q45,2023_03_31_0007,2023_03_31_0007,596.5896026961062,9.441053834144263,1.0499038872975366,111.2062176258843,3.0517578,-1.2207031,-1.2207031,-3.0517578,-3710.9375,-3131.7139,-2539.6729,-1942.749,-1276.8555,-633.5449,590.9075055803573,-47.60132,0.13935103,True,False,False,0.0,0.0,3.0,8.0,10.0,1.0,1.0,-0.0048120300751879,1.0,1.0,1.0,0.0,0.0,0.0,0.0,0.0,0.0,0.0,0.0,0.0,0.0,-33.416748046875,35.33935546875,85.601806640625,-50.262451171875,-48.065185546875,0.0,7.599999999999968,6.817916644963323,-2.6611328125,0.0586263711348734,0.0,,,0.915568408596829,,,0.0,0.0,5.333333333333333,0.6666666666666666,0.6666666666666666,0.6666666666666666,0.0,4.0,6.666666666666667,1.3333333333333333,0.6666666666666666,0.6666666666666666,0.6666666666666666,0.6666666666666666,0.6666666666666666,0.0,,,,,,,,,,,,
Q46,2023_03_31_0013,2023_03_31_0013,726.2909286348702,13.938193934035269,0.875535904722672,62.81559209652883,-1.8310547,-1.8310547,1.8310547,5.493164,-2482.9102,-2109.375,-1688.8428,-1278.0762,-902.70996,-492.5537,487.5837053571431,-51.716614,0.1631321,True,False,False,0.0,0.0,3.0,7.0,10.0,6.0,1.0,-0.0053007518796992,1.0,1.0,0.0,0.0,0.0,0.0,0.0,0.0,0.0,0.0,0.0,0.0,0.0,-32.867431640625,36.041259765625,88.409423828125,-52.3681640625,-50.567626953125,0.0,7.599999999999996,5.812608032894252,-0.65155029296875,0.0534046794670025,0.0,,,1.176928692644834,,,,,,,,,,,,,,,,,,,,,,,,,,,,,,
Q47,2023_03_31_0020,2023_03_31_0020,236.0039842459068,10.025144035791248,1.18900373417423,118.60215972252472,-0.61035156,-3.0517578,-2.4414062,-2.4414062,-1608.8867,-1558.2275,-1401.9775,-1064.4531,-631.71387,-210.57129,503.7580217633935,-43.304443,0.037692647,False,False,False,0.0,0.0,0.0,4.0,1.0,1.0,1.0,-0.0013533834586466,1.0,0.0,0.0,0.0,0.0,0.0,0.0,0.0,0.0,0.0,0.0,0.0,0.0,-29.11376953125,26.397705078125,62.713623046875,-36.31591796875,-34.088134765625,20.0,6.3,4.775763987641167,6.988525390625,,20.0,41.39871966701902,82.17977258625828,,,,,,,,,,,,,,,,,,,,,,,,,,,,,,,
Q48,2023_03_31_0025,2023_03_31_0025,423.412856483864,8.54734831054376,2.44550488773738,286.11269821784094,6.713867,-1.2207031,-10.375977,-6.713867,-4049.6826,-3892.8223,-3355.1025,-2643.4326,-1923.8281,-1124.2676,,,,,,,,,,,,,,,,,,,,,,,,,,,,,,,,,,,,,,,,,,,,,,,,,,,,,,,,,,,,,,,,,,,,,,,
Q49,2023_03_31_0030,2023_03_31_0030,-7684.2232051451165,10.373307545697688,2.412861305931745,232.6028892233582,-4.8828125,-6.713867,5.493164,-10.375977,-1166.9922,-1020.5078,-1252.4414,-1179.1992,-842.28516,-518.1885,1138.7416294642858,-40.247345,0.18117955,True,False,False,0.0,0.0,4.0,1.0,0.0,0.0,0.0,-0.0016165413533834,0.0,0.0,0.0,0.0,0.0,0.0,0.0,0.0,0.0,0.0,0.0,0.0,0.0,-31.036376953125,22.4609375,64.75830078125,-42.29736328125,-41.351318359375,0.0,8.399999999999963,3.7574657827990254,-2.050018310546875,0.0753267315927703,0.0,,,0.7770205841218673,,,,,,,,,,,,,,,,,,,,,,,,,,,,,,
Q50,2023_03_31_0036,2023_03_31_0036,630.3453289827612,16.373345682121105,1.2966957497892138,79.19552759489726,0.61035156,5.493164,-2.4414062,-1.2207031,-870.9717,-1052.8564,-872.80273,-670.166,-411.37695,-158.08105,664.0189034598221,-52.85797,0.037724957,False,False,False,0.0,0.0,0.0,5.0,1.0,1.0,1.0,-0.0016541353383458,0.0,0.0,0.0,0.0,0.0,0.0,0.0,0.0,0.0,0.0,0.0,0.0,0.0,-30.670166015625,27.89306640625,68.17626953125,-40.283203125,-39.36767578125,20.0,5.599999999999994,3.093476462094317,12.57476806640625,0.0617687888245455,20.0,48.39930181327808,72.88843971323263,1.5453009827049708,,,,,,,,,,,,,,,,,,,,,,,,,,,,,,
Q51,2023_03_31_0042,2023_03_31_0042,220.57915923141744,15.890214863384756,0.6693984460126542,42.126456550007056,12.207031,10.986328,12.207031,-1454.4678,-1296.3867,-1010.7422,-761.1084,-464.47754,-167.23633,0.0,380.684988839286,-51.371765,0.06389349,True,False,False,0.0,0.0,2.0,5.0,7.0,2.0,1.0,-0.0034210526315789,1.0,1.0,0.0,0.0,0.0,0.0,0.0,0.0,0.0,0.0,0.0,0.0,0.0,-32.5927734375,28.38134765625,78.4912109375,-50.10986328125,-47.9736328125,0.0,9.500000000000009,5.748358860233311,1.26190185546875,0.0595888370505614,0.0,,,1.5524767249606826,0.1637591446257737,1.0,,,,,,,,,,,,,,,,,,,,,,,,,,,,
Q52,2023_03_31_0049,2023_03_31_0049,576.710213849285,19.11889907293877,0.8105750111823039,42.39653172967506,-2.4414062,-4.272461,0.0,-1.2207031,-1611.3281,-1355.5908,-1113.8916,-885.6201,-674.4385,-459.59473,735.1684570312502,-59.59015,0.078540385,False,True,False,0.0,0.0,0.0,5.0,7.0,9.0,11.0,0.0052255639097744,13.0,14.0,15.0,10.0,4.0,1.0,0.0,0.0,0.0,0.0,0.0,0.0,0.0,-32.379150390625,39.55078125,87.40234375,-47.8515625,-45.22705078125,20.0,5.000000000000004,4.977860184197512,11.73858642578125,0.0392351324107786,20.0,52.79530223770913,71.81388392383778,1.4077403424392232,0.1528239202657807,1.0,,,,,,,,,,,,,,,,,1.0,0.3647,,,,,,,,,,
Q53,2023_03_31_0052,2023_03_31_0052,578.6782312924709,10.921537860329323,1.0504620318045357,96.1826113903029,-3.0517578,-1.2207031,-4.8828125,0.61035156,-1447.7539,-1896.3623,-1876.2207,-1502.6855,-1065.0635,-580.44434,625.7847377232148,-54.54483,0.028934285,False,False,False,0.0,0.0,0.0,9.0,6.0,1.0,1.0,-0.0034962406015037,1.0,1.0,0.0,0.0,0.0,0.0,0.0,0.0,0.0,0.0,0.0,0.0,0.0,-33.50830078125,34.149169921875,73.211669921875,-39.0625,-37.841796875,20.0,4.70000000000001,3.700102787730111,15.482330322265623,0.0463948679890054,20.0,,,1.5362078756485558,,,,,,,,,,,,,,,,,,,,,,,,,,,,,,
Q17,2023_03_27_0000,2023_03_27_0000,62.417911332982825,16.11175192938989,0.89797370385106,55.73408204064025,-247.80273,-279.54102,-4.8828125,15.258789,29.907227,-9.155273,-7.9345703,-4.8828125,-46.38672,11.59668,344.5870535714288,-57.93457,0.12927115,False,False,False,0.0,0.0,0.0,0.0,2.0,4.0,4.0,0.0378571428571428,2.0,2.0,2.0,2.0,2.0,2.0,2.0,2.0,,,,,,-36.0107421875,31.1279296875,90.728759765625,-59.600830078125,-44.5556640625,,5.899999999999989,6.712879718644079,-1.666259765625,0.1561996779388085,,51.28531265851101,148.8312231320675,1.552882763134831,0.1671654553227875,1.0,30.0,0.0,0.0,2.0,4.0,4.0,,,,,,,,,,,,,0.0,0.0,4.0,2.0,2.0,2.0,2.0,2.0,2.0,2.0
Q18,2023_03_27_0010,2023_03_27_0010,172.74664853007158,9.139856792813788,0.8524895479964517,93.27165264413352,-10.375977,-9.765625,-6.1035156,-1842.6514,-1519.165,-1365.3564,-1483.1543,-1137.085,-651.2451,-97.0459,415.0390625000007,-60.57841,0.093134746,False,True,False,0.0,0.0,0.0,0.0,6.0,10.0,10.0,0.0957142857142857,2.0,2.0,2.0,0.0,0.0,0.0,0.0,0.0,,,,,,-34.515380859375,23.4375,86.181640625,-62.744140625,-39.947509765625,20.0,5.699999999999983,5.059578174867142,-2.165729522705078,0.2787348206721265,,48.4622927840729,116.76561837856605,1.8849120871890412,0.1424242424242425,1.0,30.0,0.0,0.0,2.0,8.0,12.0,,,,,,,,,,,2.0,0.4659999999999999,0.0,0.0,10.0,2.0,2.0,2.0,0.0,0.0,0.0,0.0
Q19,2023_03_27_0017,2023_03_27_0017,113.61051040895772,11.056814893948632,0.94418451631639,85.39389737212113,1.2207031,-7.3242188,-1.2207031,-6.1035156,-3679.8096,-2932.129,-2274.7803,-1699.8291,-1064.4531,-485.83984,325.40457589285774,-53.63515,0.108729124,False,False,False,0.0,0.0,0.0,2.0,4.0,6.0,8.0,0.003781979977753,4.0,2.0,2.0,2.0,2.0,2.0,2.0,2.0,0.0,0.0,0.0,1.0,1.0,-29.1748046875,41.93115234375,93.841552734375,-51.910400390625,-44.921875,20.0,6.199999999999983,7.410587710254617,1.724750518798828,0.1623723869713173,20.0,37.22201709982128,114.38688899100468,1.477277429756531,,,20.0,0.0,0.0,4.0,6.0,6.0,,,,,,,,,,,,,0.0,0.0,6.0,2.0,2.0,2.0,2.0,2.0,2.0,2.0
Q20,2023_03_27_0025,2023_03_27_0025,236.82783374283807,20.07216901463014,1.1183296543259111,55.71543630938871,-1.8310547,-3.0517578,1.2207031,-1508.7891,-1282.959,-1051.6357,-837.40234,-609.7412,-380.24902,-155.63965,352.8267996651792,-51.39923,0.20540121,False,False,True,0.0,0.0,0.0,2.0,4.0,6.0,5.0,0.0028571428571428,6.0,7.0,3.0,1.0,1.0,1.0,1.0,1.0,0.0,0.0,0.0,1.0,1.0,-34.423828125,33.38623046875,77.08740234375,-43.701171875,-39.031982421875,20.0,5.20000000000001,6.410149452903495,7.69805908203125,0.1203496031115079,20.0,,,2.398168087140516,0.2109025915996423,1.0,,,,,,,,,,,,,,,,,,,,,,,,,,,,
Q21,2023_03_27_0033,2023_03_27_0033,155.22519263648496,9.446473940828207,0.9639921342578448,102.04782655371706,10.986328,0.0,-0.61035156,-3219.6045,-3353.8818,-2902.2217,-2275.3906,-1658.3252,-979.0039,-255.7373,303.0395507812501,-60.375977,0.2699067,False,True,True,0.0,0.0,0.0,0.0,1.0,3.0,4.0,0.0154887218045112,5.0,4.0,4.0,7.0,7.0,7.0,6.0,6.0,0.0,0.0,0.0,1.0,1.0,-36.712646484375,34.1796875,95.916748046875,-61.737060546875,-45.379638671875,40.0,6.700000000000012,7.957435187939976,-1.361083984375,0.2365742365742366,40.0,45.851804166920594,151.30633624790065,0.4024795958980258,0.4015748031496061,1.0,,,,,,,,,,,,,,,,,3.0,0.4636,,,,,,,,,,
Q22,2023_03_27_0040,2023_03_27_0040,166.00890510242388,20.05121215209377,1.160809716951425,57.89224652087741,10.986328,-13.427734,7.9345703,-1367.1875,-1139.5264,-875.8545,-659.1797,-447.3877,-283.81348,-64.086914,325.5789620535716,-54.23813,0.2097954,False,False,False,0.0,0.0,0.0,1.0,2.0,3.0,3.0,0.0041353383458646,4.0,5.0,3.0,3.0,1.0,1.0,1.0,1.0,0.0,0.0,0.0,1.0,1.0,-35.614013671875,38.299560546875,91.766357421875,-53.466796875,-44.37255859375,,5.8,6.455004045606412,0.771331787109375,0.2830591753898738,20.0,42.96193547786889,131.9555023054586,1.6131079308538234,,,,,,,,,,,,,,,,,,,,,,,,,,,,,,
Q23,2023_03_27_0046,2023_03_27_0046,150.84730510026037,10.00267541100064,0.9243201088748274,92.40728813995986,5.493164,-3.6621094,-12.817383,-5800.7812,-5107.422,-4264.5264,-3446.045,-2687.9883,-1868.2861,-1077.8809,278.79987444196416,-58.6792,0.25030962,False,False,True,0.0,0.0,0.0,1.0,3.0,5.0,6.0,0.0123308270676691,7.0,8.0,9.0,7.0,10.0,6.0,3.0,1.0,0.0,0.0,0.0,1.0,1.0,-36.80419921875,45.562744140625,104.55322265625,-58.990478515625,-47.7294921875,,5.099999999999993,7.528462927677132,-0.311279296875,0.1121642969984203,20.0,44.11936675825866,158.24744127509527,1.411271925411807,0.2058823529411767,1.0,,,,,,,,,,,,,,,,,,,,,,,,,,,,
Q24,2023_03_27_0054,2023_03_27_0054,381.86753707221,8.655633550091792,0.8910076007521333,102.93961679358344,-3.0517578,-4.272461,3.6621094,-0.61035156,-4.272461,-5225.83,-4301.758,-3577.8809,-2779.541,-1953.125,407.7148437500002,-50.559235,0.14361665,False,False,False,0.0,0.0,0.0,3.0,4.0,1.0,1.0,-0.0007518796992481,1.0,1.0,1.0,1.0,1.0,0.0,0.0,0.0,0.0,0.0,0.0,0.0,0.0,-26.55029296875,40.8935546875,81.1767578125,-40.283203125,-36.31591796875,20.0,5.400000000000016,6.830931279733676,10.276031494140623,0.132752434648898,20.0,37.85737041338771,92.85256839115928,1.1949260416864318,,,,,,,,,,,,,,,,,,,,,,,,,,,,,,
Q25,2023_03_27_0061,2023_03_27_0061,126.80332770581246,7.012700168493266,0.9901943425453004,141.20015382862883,6.1035156,-17.089844,3.0517578,-3945.9229,-4024.0479,-4165.039,-3659.0576,-2863.7695,-1876.2207,-959.47266,314.5054408482148,-44.882202,0.07955615,True,False,False,0.0,0.0,0.0,3.0,4.0,1.0,1.0,-0.0007518796992481,1.0,1.0,1.0,1.0,1.0,0.0,0.0,0.0,0.0,0.0,0.0,0.0,0.0,-31.982421875,31.585693359375,70.6787109375,-39.093017578125,-36.07177734375,20.0,6.200000000000011,6.746444225536296,5.7891845703125,0.0337206007367526,20.0,,,1.4054354821335515,,,,,,,,,,,,,,,,,,,,,,,,,,,,,,
Q26,2023_03_27_0067,2023_03_27_0067,167.45738721246386,9.217879615075308,0.9331151813726491,101.22883139486802,12.207031,10.986328,-5.493164,-3077.3926,-3390.503,-2916.2598,-2353.5156,-1718.1396,-1012.57324,-304.56543,417.96003069196513,-52.998352,0.19512005,False,False,True,0.0,0.0,0.0,4.0,7.0,8.0,6.0,-0.0004135338345864,2.0,1.0,1.0,1.0,1.0,1.0,1.0,1.0,0.0,0.0,0.0,1.0,0.0,-35.5224609375,43.243408203125,86.669921875,-43.426513671875,-40.069580078125,20.0,4.200000000000009,5.892154640114457,9.57183837890625,0.0867566593794318,20.0,48.839591867236784,116.85230232751935,1.3322308748146612,0.2410714285714284,1.0,,,,,,,,,,,,,,,,,,,,,,,,,,,,
Q27,2023_03_27_0075,2023_03_27_0075,114.15750096564318,14.56623670562477,2.320019441277417,159.27377044350374,3.0517578,2.4414062,0.61035156,-2637.9395,-2236.3281,-1811.5234,-1387.9395,-950.92773,-575.5615,-115.9668,249.5901925223218,-50.52948,0.2355052,False,True,False,0.0,0.0,0.0,1.0,3.0,3.0,3.0,0.0058270676691729,4.0,4.0,4.0,6.0,4.0,1.0,1.0,1.0,0.0,0.0,0.0,1.0,1.0,-34.36279296875,33.966064453125,82.122802734375,-48.15673828125,-42.17529296875,,6.700000000000012,8.346906548772251,2.37274169921875,0.5058177826564216,20.0,,,1.5185044513452033,0.2804597701149425,1.0,,,,,,,,,,,,,,,,,3.0,0.4356000000000001,,,,,,,,,,
Q28,2023_03_27_0082,2023_03_27_0082,126.49690133616582,13.259704395515463,1.0643672414943195,80.27081221013471,3.6621094,0.0,-12.817383,-6.1035156,-1.8310547,-2124.6338,-1624.1455,-1093.1396,-609.13086,-100.09766,249.3286132812504,-57.523346,0.067999825,False,False,False,0.0,0.0,0.0,0.0,1.0,2.0,2.0,0.0010150375939849,1.0,1.0,1.0,1.0,1.0,0.0,0.0,1.0,0.0,0.0,0.0,0.0,0.0,-24.0478515625,39.4287109375,97.320556640625,-57.891845703125,-41.748046875,,5.800000000000027,4.894100540417638,-0.368499755859375,0.109697933227345,40.0,31.08467363492848,124.6735110978378,1.645838052516326,,,,,,,,,,,,,,,,,,,,,,,,,,,,,,
Q29,2023_03_27_0089,2023_03_27_0089,109.95567754792988,8.913664815140237,2.1549389908481977,241.7567897760686,7.9345703,-2.4414062,-2.4414062,4.8828125,-4984.131,-3978.2715,-3076.1719,-2269.287,-1439.8193,-634.1553,223.78104073660765,-59.431458,0.11918446,False,False,False,0.0,0.0,0.0,0.0,1.0,2.0,3.0,0.0082706766917293,4.0,5.0,6.0,8.0,6.0,1.0,1.0,1.0,0.0,0.0,0.0,1.0,1.0,-33.111572265625,43.64013671875,103.45458984375,-59.814453125,-39.764404296875,,4.500000000000004,5.683979614328463,-0.38299560546875,0.3294623655913978,40.0,30.9308027355386,138.21904944996857,1.6859561144064052,,,,,,,,,,,,,,,,,,,,,,,,,,,,,,
Q30,2023_03_27_0096,2023_03_27_0096,124.23411122142042,14.332821126132478,0.926815080262814,64.66382801449939,-11.59668,-17.089844,-923.4619,-964.9658,-1004.0283,-750.7324,-432.73926,-102.53906,-3.0517578,-10.986328,226.571219308036,-40.031433,0.123435095,False,False,False,0.0,0.0,0.0,0.0,0.0,0.0,0.0,0.0,0.0,0.0,0.0,0.0,0.0,0.0,0.0,0.0,0.0,0.0,0.0,0.0,0.0,,,,,,,,,,,,17.495287280780158,77.21760660604626,,,,,,,,,,,,,,,,,,,,,,,,,,,,,,,
Q31,2023_03_27_0101,2023_03_27_0101,152.77907717920573,14.240041950605718,2.135501329059558,149.96453918232464,10.986328,-33.569336,-0.61035156,-2584.8389,-2194.8242,-1761.4746,-1319.5801,-908.2031,-476.68457,-70.19043,386.1345563616076,-54.332733,0.23165138,True,False,True,0.0,0.0,0.0,4.0,7.0,8.0,10.0,3.759398496241356e-05,11.0,9.0,1.0,1.0,1.0,1.0,1.0,1.0,0.0,0.0,0.0,0.0,0.0,-38.02490234375,30.94482421875,77.45361328125,-46.5087890625,-44.464111328125,20.0,5.500000000000005,6.86010308593895,7.823944091796875,0.0930961649003591,20.0,,,1.380340200858808,0.2812499999999999,1.0,,,,,,,,,,,,,,,,,,,,,,,,,,,,
Q32,2023_03_27_0107,2023_03_27_0107,285.7160827668307,18.663661408322103,2.2048256228152536,118.13467757361504,-1.8310547,-3.0517578,-10.986328,-7.3242188,-1237.793,-983.27637,-733.6426,-494.99512,-234.98535,-9.155273,461.0770089285719,-53.63922,0.2735548,False,False,True,0.0,0.0,0.0,5.0,7.0,9.0,11.0,-0.0001503759398496,12.0,9.0,2.0,1.0,1.0,1.0,1.0,1.0,0.0,0.0,0.0,0.0,0.0,-36.1328125,32.867431640625,78.338623046875,-45.47119140625,-42.633056640625,20.0,5.699999999999983,6.704952557658888,8.16802978515625,0.0573493419785142,20.0,41.764826594299535,102.75500230498815,2.03542021357858,0.2521588946459414,1.0,,,,,,,,,,,,,,,,,2.0,0.2144,,,,,,,,,,
Q33,2023_03_27_0110,2023_03_27_0110,120.86401555041904,15.11601337842979,0.9906203571997568,65.534498574429,7.9345703,-7.3242188,-6.1035156,-2184.4482,-1828.0029,-1448.9746,-1060.1807,-697.0215,-336.91406,-1.8310547,264.020647321429,-59.52072,0.1484199,True,True,True,0.0,0.0,0.0,0.0,2.0,5.0,6.0,0.0177443609022556,8.0,8.0,10.0,11.0,10.0,10.0,6.0,2.0,0.0,0.0,0.0,1.0,1.0,-37.2314453125,35.247802734375,81.23779296875,-45.989990234375,-39.520263671875,40.0,4.70000000000001,6.407503548328916,13.530731201171877,0.14771809953326,40.0,36.66341083893601,138.8656955844084,1.7283246877379856,0.3592677345537757,1.0,,,,,,,,,,,,,,,,,6.0,0.6928,,,,,,,,,,
Q34,2023_03_27_0116,2023_03_27_0116,153.28189416164795,8.577698269637562,2.087149153625972,243.3227525633356,2.4414062,0.0,3.6621094,-5332.0312,-4812.622,-3958.7402,-3147.583,-2342.5293,-1502.0752,-681.7627,238.38588169642884,-44.999695,0.17333071,True,False,False,0.0,0.0,1.0,5.0,7.0,9.0,11.0,-0.0016541353383458,10.0,1.0,1.0,1.0,1.0,1.0,1.0,1.0,0.0,0.0,0.0,0.0,0.0,-35.308837890625,26.85546875,73.79150390625,-46.93603515625,-44.769287109375,0.0,7.099999999999995,6.720501030410557,-1.93634033203125,0.2585972066714603,0.0,,,,,,,,,,,,,,,,,,,,,,,,,,,,,,,,,
Q35,2023_03_27_0122,2023_03_27_0122,131.27930435302125,15.295071692057473,0.9247939014954968,60.463521852972406,11.59668,3.0517578,-6.713867,-2181.3965,-1795.6543,-1390.9912,-1077.2705,-711.6699,-341.79688,13.427734,240.34772600446448,-55.036926,0.1446158,False,False,True,0.0,0.0,0.0,2.0,5.0,7.0,9.0,0.0045864661654135,9.0,9.0,10.0,3.0,1.0,1.0,1.0,1.0,0.0,0.0,0.0,1.0,1.0,-37.78076171875,34.515380859375,81.878662109375,-47.36328125,-19.47021484375,20.0,3.899999999999987,7.063354371488105,7.67364501953125,0.1339388301268806,20.0,29.230947670880347,121.61940600318964,1.504995680319265,0.254304635761589,1.0,,,,,,,,,,,,,,,,,,,,,,,,,,,,
Q36,2023_03_27_0129,2023_03_27_0129,252.68023715596345,15.227972495958042,0.9147109507110134,60.06780948375137,-5.493164,3.0517578,13.427734,-311.88965,-269.16504,-145.87402,-45.166016,-4.272461,10.986328,12.207031,437.0553152901784,-22.052002,0.3653981,False,False,False,0.0,0.0,0.0,0.0,0.0,0.0,0.0,0.0,0.0,0.0,0.0,0.0,0.0,0.0,0.0,0.0,0.0,0.0,0.0,0.0,0.0,,,,,,,,,,,,,,,,,,,,,,,,,,,,,,,,,,,,,,,,,,,,
Q37,2023_03_27_0132,2023_03_27_0132,89.41710674474396,9.99060311758808,0.9213946300215998,92.22612680905314,-33.569336,4.272461,9.765625,-3711.5479,-3133.545,-2495.7275,-1876.831,-1210.9375,-488.8916,6.713867,151.19280133928606,-27.555847,0.36004144,False,False,False,0.0,0.0,0.0,0.0,0.0,0.0,0.0,0.0,0.0,0.0,0.0,0.0,0.0,0.0,0.0,0.0,0.0,0.0,0.0,0.0,0.0,,,,,,,,,,,,,,,,,,,,,,,,,,,,,,,,,,,,,,,,,,,,
Q38,2023_03_27_0136,2023_03_27_0136,178.18506556601932,9.825520917926864,0.8434621649993981,85.84401499369709,-6.713867,4.272461,-18.920898,-15.869141,-1.8310547,-3429.5654,-2843.0176,-2139.8926,-1362.915,-659.79004,232.50034877232164,-37.760162,0.15397306,False,False,False,0.0,0.0,0.0,0.0,0.0,0.0,0.0,0.0,0.0,0.0,0.0,0.0,0.0,0.0,0.0,0.0,0.0,0.0,0.0,0.0,0.0,,,,,,,,,,,,22.236062640233836,95.63883563034447,,,,,,,,,,,,,,,,,,,,,,,,,,,,,,,
Q39,2023_03_27_0142,2023_03_27_0142,79.06603930486007,7.149747347679001,0.9061371832168524,126.73695155270192,22.583008,-3.6621094,0.61035156,-2680.0537,-2274.7803,-2445.0684,-1995.8496,-1182.8613,-300.90332,10.986328,293.57910156250045,-36.416626,0.15669136,False,False,False,0.0,0.0,0.0,0.0,0.0,0.0,0.0,0.0,0.0,0.0,0.0,0.0,0.0,0.0,0.0,0.0,0.0,0.0,0.0,0.0,0.0,,,,,,,,,,,,,,,,,,,,,,,,,,,,,,,,,,,,,,,,,,,,
Q41,2023_03_27_0146,2023_03_27_0146,152.88941097900724,14.835004483822582,0.804836403948964,54.25252178566105,15.869141,4.272461,1.2207031,-2727.0508,-2291.2598,-1875.6104,-1481.9336,-1123.6572,-721.43555,-340.57617,265.7645089285718,-55.033875,0.08611154,False,True,False,0.0,0.0,0.0,2.0,6.0,7.0,9.0,0.0076315789473684,10.0,12.0,10.0,10.0,4.0,1.0,1.0,1.0,0.0,0.0,0.0,1.0,1.0,-35.82763671875,40.1611328125,85.418701171875,-45.257568359375,-40.252685546875,20.0,4.399999999999987,6.493703180642662,9.77630615234375,0.0889955386992105,20.0,25.946609139396024,97.63007575390576,1.5521696615748704,0.2187218721872186,1.0,,,,,,,,,,,,,,,,,6.0,0.6663000000000001,,,,,,,,,,
Q42,2023_03_27_0153,2023_03_27_0153,153.11301397538963,15.849445483340132,1.7021109125426024,107.39245826182037,10.986328,4.272461,-0.61035156,-2158.8135,-1892.0898,-1544.1895,-1215.8203,-900.8789,-574.9512,-236.20605,300.7725306919653,-60.279083,0.10427177,True,True,True,0.0,0.0,0.0,2.0,4.0,7.0,8.0,0.0165413533834586,10.0,11.0,11.0,12.0,12.0,10.0,4.0,1.0,0.0,0.0,0.0,1.0,1.0,-37.567138671875,35.21728515625,85.784912109375,-50.567626953125,-37.841796875,20.0,4.0999999999999925,5.497559800728506,9.711456298828123,0.1613245574407242,20.0,39.76337516254702,132.20414467726272,1.455725267930976,0.4236252545824843,1.0,,,,,,,,,,,,,,,,,5.0,0.4780000000000002,,,,,,,,,,
Q43,2023_03_27_0160,2023_03_27_0160,282.26090054349004,11.998301175339623,1.0791608866549904,89.94280697612541,9.765625,7.9345703,6.1035156,-3831.787,-3342.2852,-2817.9932,-2304.6875,-1754.1504,-1182.8613,-634.7656,420.9245954241076,-59.0683,0.16056067,False,False,False,0.0,0.0,0.0,4.0,8.0,10.0,12.0,-0.0010150375939849,3.0,1.0,1.0,1.0,1.0,1.0,1.0,1.0,0.0,0.0,0.0,1.0,0.0,-40.34423828125,40.985107421875,79.681396484375,-38.6962890625,-35.400390625,20.0,3.299999999999997,4.731591974052532,20.37200927734375,0.3379114138143945,20.0,44.80248243969402,106.43826216558512,1.4421197951942413,0.4330400782013685,1.0,,,,,,,,,,,,,,,,,,,,,,,,,,,,
T83,2023_06_07_0000,2023_06_07_0000,171.37568804316896,15.59265536236184,1.099347991416912,70.50421918966805,5.493164,3.6621094,-3.0517578,-2031.8604,-1719.9707,-1444.7021,-1151.7334,-847.16797,-541.38184,-231.9336,356.2273297991075,-37.731934,0.27573004,True,False,False,0.0,0.0,0.0,1.0,1.0,1.0,0.0,-5.963929177325766e-20,0.0,0.0,0.0,0.0,0.0,,,,0.0,0.0,0.0,,,-29.9072265625,18.585205078125,60.9130859375,-42.327880859375,-40.435791015625,,8.300000000000002,3.753353886109452,-4.595947265625,,20.0,,,,,,,,,,,,,,,,,,,,,,,,,,,,,,,,,
T84,2023_06_07_0004,2023_06_07_0004,316.95321684066187,19.24091220711849,2.062182805847377,107.17697703981196,-4.272461,-2.4414062,3.6621094,-1193.8477,-1004.6387,-811.7676,-609.13086,-399.16992,-201.41602,-42.72461,432.8700474330362,-48.863728,0.10513973,False,False,False,0.0,0.0,0.0,1.0,1.0,2.0,1.0,0.0026785714285714,1.0,1.0,1.0,0.0,0.0,,,,0.0,0.0,0.0,,,-31.982421875,18.98193359375,67.230224609375,-48.248291015625,-42.205810546875,,7.099999999999995,3.502122769555731,0.6154365539550781,0.1954225352112675,20.0,,,2.128650335324328,,,,,,,,,,,,,,,,,,,,,,,,,,,,,,
T86,2023_06_07_0012,2023_06_07_0012,135.25980207170727,18.26597572366408,2.225065706736131,121.81477411324356,2.4414062,-1167.6025,-985.7178,-758.05664,-494.38477,-264.89258,-64.697266,-2.4414062,5.493164,-2.4414062,137.9830496651788,-40.979004,0.22088735,False,False,False,0.0,0.0,0.0,0.0,1.0,1.0,1.0,0.0026785714285714,1.0,1.0,1.0,0.0,0.0,,,,0.0,0.0,0.0,,,-32.501220703125,19.53125,62.164306640625,-42.633056640625,-37.4755859375,,7.300000000000001,4.813626078744037,-1.654052734375,,40.0,,,,,,,,,,,,,,,,,,,,,,,,,,,,,,,,,
T87,,,,,,,,,,,,,,,,,,,,,,,,,,,,,,,,,,,,,,,,,,,,,,,,,,,,,,,,,,,,,,,,,,,,,,,,,,,,,,,,,,,,,,,
T88,2023_06_07_0016,2023_06_07_0016,196.83675143603244,17.383259595296302,0.8806190888524066,50.65903112271828,0.0,-5.493164,-2.4414062,-1273.8037,-1177.3682,-1101.6846,-912.4756,-714.1113,-491.333,-263.06152,344.10749162946473,-58.83789,0.2963745,False,False,False,0.0,0.0,0.0,0.0,1.0,3.0,4.0,0.0305357142857142,4.0,5.0,6.0,7.0,8.0,,,,0.0,0.0,0.0,,,-38.14697265625,36.468505859375,98.175048828125,-61.70654296875,-45.59326171875,,4.5999999999999925,5.0856862769790085,-2.86865234375,0.3023723361479695,40.0,35.19586111560258,102.28158924683198,1.782745047498138,,,25.0,0.0,0.0,1.3333333333333333,2.0,,0.0,0.0,0.0,0.6666666666666666,0.6666666666666666,2.0,2.6666666666666665,,,,,,,,,,,,,,,
T89,2023_06_07_0022,2023_06_07_0022,117.7336612430859,15.152299390505046,1.1846946840462107,78.18580226764666,0.0,1.2207031,12.207031,-2055.664,-1710.2051,-1375.7324,-1084.5947,-793.45703,-527.34375,-212.40234,216.5440150669647,-55.69356,0.19943653,False,False,False,0.0,0.0,0.0,0.0,0.0,2.0,2.0,0.0276785714285714,3.0,6.0,6.0,5.0,8.0,,,,0.0,0.0,0.0,,,-35.2783203125,44.036865234375,89.385986328125,-45.34912109375,-42.66357421875,60.0,3.899999999999987,4.519018242510974,10.344440460205078,0.2454814327965825,60.0,23.789194303219,109.85847055556977,1.7973303559105245,,,50.0,0.0,0.0,0.0,1.3333333333333333,,0.0,0.0,0.0,0.0,0.0,0.0,0.6666666666666666,,,,,,,,,,,,,,,
T90,2023_06_07_0026,2023_06_07_0026,195.0267564831707,14.500407653558597,1.0225486675088755,70.51861519616853,-4.272461,1.8310547,-11.59668,-2587.8906,-2201.538,-1773.6816,-1427.002,-1094.9707,-742.1875,-411.9873,372.881208147322,-55.877686,0.3446513,False,False,True,0.0,0.0,0.0,3.0,6.0,8.0,11.0,0.0717857142857143,12.0,14.0,15.0,16.0,16.0,,,,0.0,0.0,0.0,,,-40.618896484375,41.656494140625,91.949462890625,-50.29296875,-44.921875,20.0,4.000000000000004,4.80380437017761,5.584716796875,0.1516778523489933,20.0,36.31751908590515,97.39702160468336,1.4638472806827751,0.2926829268292686,1.0,15.0,0.0,0.0,4.0,6.666666666666667,,0.0,0.0,0.6666666666666666,3.333333333333333,4.666666666666667,6.0,7.333333333333333,,,,,,,,,,,,,,,
T91,2023_06_07_0032,2023_06_07_0032,172.89156055381167,16.97134466153205,2.195204253888066,129.34769151579405,3.0517578,8.544922,4.272461,-2277.832,-1934.8145,-1611.9385,-1300.0488,-1013.1836,-737.3047,-453.4912,385.219029017858,-49.891155,0.14381029,True,False,False,0.0,0.0,2.0,6.0,9.0,11.0,13.0,0.0801785714285714,15.0,16.0,17.0,17.0,18.0,,,,0.0,0.0,0.0,,,-34.210205078125,42.999267578125,96.25244140625,-53.253173828125,-49.652099609375,0.0,5.099999999999993,5.084198109322212,-3.362018585205078,0.0470493128536784,0.0,,,,,,,,,,,,,,,,,,,,,,,,,,,,,,,,,
T92,2023_06_07_0037,2023_06_07_0037,188.850293521798,9.287173546896277,0.9886202910758196,106.45007182042067,3.0517578,-1.8310547,-5.493164,-2608.0322,-3019.4092,-2717.2852,-2276.6113,-1750.4883,-1215.21,-650.0244,,,,,,,,,,,,,,,,,,,,,,,,,,,,,,,,,,,,,,,,,,,,,,,,,,,,,,,,,,,,,,,,,,,,,,,
T93,2023_06_07_0042,2023_06_07_0042,201.50874737322548,11.175597246637144,0.9719729722074752,86.97279892579809,-4.272461,7.9345703,-3.6621094,4.272461,-4411.621,-3880.005,-3244.629,-2645.874,-2019.043,-1366.5771,380.1182338169648,-50.27466,0.13652621,False,False,False,0.0,0.0,0.0,5.0,9.0,12.0,15.0,0.0405357142857143,16.0,17.0,11.0,2.0,1.0,,,,0.0,0.0,0.0,,,-31.005859375,43.304443359375,87.5244140625,-44.219970703125,-41.3818359375,20.0,3.100000000000019,4.132749111938173,6.0546875,0.0443003635840039,20.0,35.83275786195589,94.26740070356674,1.3265955106783849,0.214501510574018,1.0,10.0,0.0,0.6666666666666666,6.0,8.666666666666666,,0.0,0.0,2.6666666666666665,5.333333333333333,6.666666666666667,8.0,9.333333333333334,,,,,,,,,,,,,,,
T94,2023_06_07_0047,2023_06_07_0047,130.85307291534914,14.454279224934911,2.2218440046570667,153.715309499777,-4.272461,-1.8310547,1.8310547,-6.1035156,-2926.6357,-2484.7412,-2026.9775,-1582.6416,-1126.709,-734.2529,382.0800781250007,-43.080647,0.032262214,False,False,True,0.0,0.0,2.0,13.0,15.0,1.0,1.0,-0.00125,1.0,1.0,0.0,0.0,0.0,,,,0.0,0.0,0.0,,,-34.271240234375,46.32568359375,88.623046875,-42.29736328125,-37.506103515625,0.0,2.599999999999991,2.391540517391006,0.7832832336425781,0.0350845318187622,0.0,27.96202483618448,73.18367650416064,3.1169119131001435,0.1821305841924398,1.0,5.0,0.0,6.0,1.3333333333333333,0.6666666666666666,,0.0,3.333333333333333,8.666666666666666,1.3333333333333333,0.6666666666666666,0.6666666666666666,0.6666666666666666,,,,,,,,,,,,,,,
T95,2023_06_07_0051,2023_06_07_0051,304.58795990812945,13.04939442710248,2.114130369854626,162.009845105437,-11.59668,-2.4414062,-1.8310547,-1058.96,-3601.6846,-3159.79,-2773.4375,-2266.2354,-1815.7959,-1337.8906,,,,,,,,,,,,,,,,,,,,,,,,,,,,,,,,,,,,,,,,,,,,,,,,,,,,,,,,,,,,,,,,,,,,,,,
T99,2023_06_07_0054,2023_06_07_0054,119.4007581270158,7.865729354876294,2.3063720760557183,293.21782787071135,4.272461,3.0517578,-0.61035156,-4066.162,-8577.2705,-7413.9404,-6281.128,-5185.547,-4146.118,-3002.3193,217.197963169644,-58.535767,0.059016813,False,False,True,0.0,0.0,0.0,0.0,2.0,8.0,11.0,0.0310714285714285,13.0,14.0,6.0,2.0,1.0,,,,0.0,0.0,0.0,,,-38.787841796875,59.051513671875,105.89599609375,-46.844482421875,-41.748046875,40.0,2.2999999999999963,3.5774620409717173,11.6912841796875,0.0294428204110307,40.0,15.920961326463209,73.30161431591341,2.0589300658470884,0.0595882990249187,1.0,45.0,0.0,0.0,0.0,2.6666666666666665,,0.0,0.0,0.0,0.0,0.0,2.0,4.0,,,,,,,,,,,,,,,
U1,2023_06_07_0062,2023_06_07_0062,205.3063213480172,18.86982188165003,0.9876452099747098,52.33993283927848,5.493164,0.0,-2.4414062,-1874.3896,-1643.0664,-1310.4248,-1109.6191,-894.16504,-696.41113,-509.64355,219.6393694196435,-62.196857,0.05631134,False,False,True,0.0,0.0,0.0,0.0,0.0,6.0,10.0,0.0844642857142857,13.0,16.0,18.0,19.0,20.0,,,,0.0,0.0,0.0,,,-40.374755859375,52.032470703125,98.5107421875,-46.478271484375,-36.712646484375,60.0,2.3999999999999853,3.2993879472536176,15.718585968017578,0.0164018533372079,60.0,25.650723608464634,116.78563672916172,2.143633494925684,0.2605633802816901,1.0,50.0,0.0,0.0,0.0,1.3333333333333333,,0.0,0.0,0.0,0.0,0.0,0.0,4.666666666666667,,,,,,,,,,,,,,,
U2,2023_06_07_0070,2023_06_07_0070,70.13996173370717,7.668885270339328,2.057121281053005,268.2425422387344,2.4414062,10.375977,26.245117,-4298.706,-4886.4746,-4111.9385,-3256.836,-2420.044,-1457.5195,-497.43652,,,,,,,,,,,,,,,,,,,,,,,,,,,,,,,,,,,,,,,,,,,,,,,,,,,,,,,,,,,,,,,,,,,,,,,
U7,2023_06_07_0076,2023_06_07_0076,126.67093185073338,10.29994498014309,1.1153673203403112,108.2886678026523,2.4414062,0.61035156,-1.8310547,-4720.459,-4028.3203,-3319.7021,-2623.291,-1956.7871,-1265.8691,-549.3164,268.1623186383931,-54.093426,0.25466305,False,False,True,0.0,0.0,0.0,2.0,5.0,7.0,8.0,0.0630357142857143,10.0,12.0,13.0,14.0,15.0,,,,0.0,0.0,0.0,,,-40.069580078125,42.96875,97.0458984375,-54.0771484375,-50.933837890625,20.0,4.0999999999999925,6.420562724799723,0.0162773132324218,0.0531059681237529,20.0,37.56706046103535,140.09075045212867,1.4602087732198408,0.3238866396761133,1.0,20.0,0.0,0.0,4.0,6.0,,0.0,0.0,0.0,4.0,4.666666666666667,5.333333333333333,6.0,,,,,,,,,,,,,,,
U8,2023_06_07_0080,2023_06_07_0080,90.2293060817816,11.246562240134931,0.6886168089711076,61.229093323618656,10.986328,10.375977,6.1035156,-4105.2246,-3549.1943,-2941.8945,-2333.9844,-1746.2158,-1162.1094,-564.5752,198.88741629464332,-53.363037,0.15840559,False,False,True,0.0,0.0,0.0,1.0,4.0,7.0,8.0,0.0625,10.0,11.0,13.0,14.0,15.0,,,,0.0,0.0,0.0,,,-39.1845703125,47.576904296875,101.165771484375,-53.5888671875,-47.8515625,,4.200000000000037,5.3311315477548336,-0.225830078125,0.0707586704083822,20.0,25.024365588173698,125.82176416380788,1.676182637809415,0.2763295099061522,1.0,25.0,0.0,0.0,2.0,4.0,,0.0,0.0,0.0,0.6666666666666666,2.6666666666666665,3.333333333333333,4.666666666666667,,,,,,,,,,,,,,,
U9,2023_06_07_0084,2023_06_07_0084,166.58692368742436,17.198367802085432,1.0881292385198027,63.26933177855742,7.3242188,4.272461,1.8310547,3.6621094,-1362.3047,-1155.3955,-899.04785,-662.23145,-402.22168,-147.70508,279.0614536830361,-52.79541,0.08741031,False,False,False,0.0,0.0,0.0,0.0,3.0,6.0,9.0,0.0142857142857142,10.0,2.0,1.0,1.0,1.0,,,,0.0,0.0,0.0,,,-33.3251953125,31.280517578125,71.136474609375,-39.85595703125,-37.04833984375,40.0,3.799999999999998,4.765269863313107,12.939453125,0.1714285714285712,40.0,22.010746488333396,78.87419132179272,1.8288048580690976,,,25.0,0.0,0.0,1.3333333333333333,4.0,,0.0,0.0,0.0,0.6666666666666666,2.0,4.666666666666667,6.0,,,,,,,,,,,,,,,
U10,2023_06_07_0088,2023_06_07_0088,96.6324512856047,15.844427185976189,0.9780853543970832,61.73055945264977,4.272461,0.61035156,3.6621094,-2.4414062,-2071.5332,-1712.0361,-1347.6562,-1000.3662,-654.2969,-310.0586,184.80573381696465,-53.725178,0.19345456,False,False,False,0.0,0.0,0.0,0.0,0.0,1.0,3.0,0.0275,4.0,5.0,6.0,6.0,7.0,,,,0.0,0.0,0.0,,,-30.670166015625,46.630859375,102.11181640625,-55.48095703125,-44.37255859375,,4.5999999999999925,5.174137152275771,-1.755779266357422,0.3167483352179921,60.0,23.64171352316824,127.9273810118006,1.6746841954879663,,,,0.0,0.0,0.0,0.0,,0.0,0.0,0.0,0.0,0.0,0.0,0.0,,,,,,,,,,,,,,,
U11,2023_06_07_0093,2023_06_07_0093,204.33806982506675,17.18920135010964,0.952453257866203,55.40997737280725,-1.2207031,0.61035156,-2.4414062,3.0517578,-1328.125,-1083.9844,-837.40234,-595.7031,-337.5244,-106.20117,348.6851283482151,-50.47404,0.06311667,False,False,True,0.0,0.0,0.0,2.0,6.0,7.0,10.0,0.01,3.0,1.0,1.0,1.0,1.0,,,,0.0,0.0,0.0,,,-34.1796875,27.40478515625,68.84765625,-41.44287109375,-40.22216796875,20.0,4.10000000000002,4.195271426526232,9.031169891357422,0.1504528202745371,20.0,25.742713063735223,73.82796388731329,1.684511216483522,0.0972644376899694,1.0,30.0,0.0,0.0,0.6666666666666666,3.333333333333333,,0.0,0.0,0.0,0.0,2.0,2.0,4.666666666666667,,,,,,,,,,,,,,,
U12,2023_06_07_0098,2023_06_07_0098,253.41235725161675,15.549793923111787,1.0192163806816257,65.54533042182354,1.8310547,0.0,-1.2207031,-6.713867,-2067.2607,-1825.5615,-1490.4785,-1214.5996,-867.9199,-533.44727,382.86481584821473,-56.94173,0.087217316,False,True,False,0.0,0.0,0.0,0.0,2.0,7.0,8.0,0.0141071428571428,6.0,5.0,1.0,1.0,1.0,,,,0.0,0.0,0.0,,,-33.63037109375,39.642333984375,82.6416015625,-42.999267578125,-40.985107421875,40.0,3.799999999999998,4.318898237256234,13.942462921142578,0.0169225285059065,40.0,29.88620530224843,78.05941957878078,1.9532924247149448,,,30.0,0.0,0.0,1.3333333333333333,4.666666666666667,,0.0,0.0,0.0,0.0,1.3333333333333333,2.0,0.6666666666666666,,,,2.0,0.2194,,,,,,,,,,
U13,2023_06_07_0102,2023_06_07_0102,264.14364683781935,15.259724010928432,1.9041084698371264,124.78000706129916,12.817383,-2.4414062,-2.4414062,-1.8310547,-2311.4014,-1856.6895,-1431.2744,-1074.2188,-720.8252,-411.37695,399.60588727678623,-55.954998,0.1033559,False,False,False,0.0,0.0,0.0,0.0,3.0,7.0,10.0,0.0276785714285714,11.0,13.0,6.0,1.0,1.0,,,,0.0,0.0,0.0,,,-34.515380859375,32.65380859375,72.967529296875,-40.313720703125,-37.994384765625,40.0,3.999999999999976,4.7731505805791326,15.641277313232422,0.1661569826707442,40.0,33.577049881792234,84.02541341573168,1.7172731395651402,,,25.0,0.0,0.0,2.6666666666666665,8.0,,0.0,0.0,0.0,2.0,3.333333333333333,4.666666666666667,7.333333333333333,,,,3.0,0.207,,,,,,,,,,
